secteur_code,secteur,douleur_typique,signal_achat,offre_entree_tus,simulateurs_accroche,ou_trouver_les_prospects,decideur,accroche,priorite,ticket_indicatif
commerce,Commerce de détail / Négoce,Stocks et caisse déconnectés de la compta ; commandes fournisseurs à l'intuition ; marge réelle inconnue,Ouverture d'un 2e point de vente ; recrutement vendeur/magasinier ; facture électronique (Antilles),Module stock-commandes-facturation relié à la caisse,"point-mort, mix-produits, saisonnalite","CCI (fichier commerçants), associations de commerçants, Trophées du Commerce CCI",Gérant,Savez-vous quelle référence vous fait vraiment gagner de l'argent ce mois-ci ?,B,3–8 k€
ecommerce,E-commerce / Vente en ligne,"Commandes ressaisies, fret et octroi de mer mal répercutés, SAV dispersé","Pic de commandes, passage à une marketplace, frais de port qui mangent la marge",Système de vente en ligne connecté stock-facturation,"cac, retention, roi-marketing","Instagram/Facebook shops locaux, marketplaces, Pépites Tech",Fondateur,Combien vous coûte réellement un colis livré à Saint-Laurent ou à Basse-Terre ?,B,"5–8,5 k€"
restauration,Restauration / Café / Traiteur,"Réservations et devis traiteur sur WhatsApp, food cost inconnu, no-shows","Ouverture, nouveau concept, activité traiteur/événementiel",Devis traiteur en ligne + réservation + fiche food cost,"point-mort, friction, prix-psychologique","Petit Futé, TripAdvisor, UMIH, Instagram",Chef-gérant,Vos devis traiteur arrivent par messages privés : combien partent sans réponse ?,B,1–5 k€
hotellerie,Hôtellerie / Hébergement,"Dépendance aux OTA (commissions), séminaires gérés à la main, clientèle locale mal servie","Ouverture, rénovation, montée en gamme, changement de propriétaire",Réservation directe + portail séminaires/agences + CRM,"cac, saisonnalite, dependance","Presse éco (France-Guyane, Cap Infos, La 1ère), comités du tourisme, UMIH",Propriétaire / directeur,"Sur 100 réservations, combien vous coûtent une commission ?",A,8–25 k€
tourisme,Tourisme / Loisirs / Activités,"Réservations perdues hors horaires, planning guides/matériel, paiements à l'arrivée","Nouvelle activité, saison haute, arrivée d'un gros hôtel voisin",Réservation et paiement en ligne + planning,"saisonnalite, cac, retention","Comité du Tourisme de la Guyane, offices de tourisme, CMT Martinique, Petit Futé",Gérant,Combien de réservations ratez-vous le soir quand personne ne décroche ?,B,"3–8,5 k€"
services_pro,Services aux entreprises (B2B),"Devis-facture-relance manuels, DSO long, pas de CRM","Recrutement admin, gros contrat, facture électronique (Antilles)",CRM + devis-factures + relances automatiques,"acse, dependance, tresorerie","LinkedIn, CCI, CPME, BNI, experts-comptables",Dirigeant,Votre plus gros client pèse combien de votre CA ?,A,5–15 k€
services_part,Services aux particuliers (B2C),"Agenda saturé, acomptes non encaissés, relances clients","Liste d'attente, embauche d'un 2e intervenant",Prise de RDV + acompte en ligne + fiche client,"capacite, friction, retention","Google Maps (avis), Pages Jaunes, CMA",Gérant,Combien d'heures par semaine au téléphone pour caler des rendez-vous ?,C,1–5 k€
conseil,Conseil / Profession libérale,"Temps non facturé, dossiers clients dispersés, pas de portail client","Nouveau collaborateur, association, croissance du portefeuille",Portail client + suivi des temps + facturation,"capacite, plafond, pricing-paliers","ARAPL, ordres professionnels, LinkedIn",Associé,Quelle part de vos heures n'est jamais facturée ?,B,3–10 k€
sante,Santé / Bien-être / Paramédical,"Agenda, dossiers et facturation séparés, secrétariat débordé","Ouverture de cabinet ou de centre, arrivée d'un praticien",Prise de RDV + portail patient (hors données de santé réglementées : vérifier HDS),"capacite, friction","ARS (ouvertures), CPTS, annuaires Ameli, presse locale",Praticien / gérant de centre,Votre secrétariat passe combien d'heures à reprogrammer ?,C,2–8 k€
beaute,Beauté / Coiffure / Esthétique,"No-shows, planning, fidélisation","Nouveau salon, 2e fauteuil, formation",Réservation + acompte + fidélité,"retention, prix-psychologique","Instagram, Google Maps, CMA",Gérante,Combien vous coûtent les rendez-vous non honorés chaque mois ?,C,1–3 k€
artisanat,Artisanat / Métiers d'art,"Devis longs à produire, commandes sur mesure mal suivies","Carnet de commandes plein, embauche apprenti",Devis en ligne + suivi de commande + vitrine,"capacite, plafond, point-mort","CMA, salons, marchés artisanaux",Artisan,Combien de soirées par mois passez-vous sur les devis ?,C,1–5 k€
btp,BTP / Construction / Rénovation,"Marge par chantier inconnue, situations et DSO longs, chantiers en zone blanche","Gros marché remporté, baisse de la commande publique, recrutement conducteur de travaux",Pilotage chantiers (devis-situations-factures) + app terrain hors-ligne,"tresorerie, cout-non-qualite, dependance","Bâtisseurs Outre-mer, FRBTP, marchés publics (attributaires), CAPEB",Dirigeant,Connaissez-vous la marge réelle de votre dernier chantier avant de le facturer ?,A,8–25 k€
industrie,Industrie / Production,"Planification production, traçabilité, commandes B2B","Investissement machine/ligne, nouvelle gamme, certification qualité, sous-traitance CSG",Infrastructure métier (commandes + production + traçabilité),"mix-produits, vulnerabilite-fournisseur, cout-non-qualite","MPI Guyane, AMPI Martinique, UEBS (CSG), Semaine de l'industrie",Dirigeant / DAF,"Vos commandes, votre production et votre traçabilité sont-elles dans un même système ?",A,10–25 k€
transport,Transport / Logistique,"Suivi des expéditions par téléphone, facturation des prestations, documents douane","Nouvel entrepôt, nouveau WMS, nouveau client grand compte",Portail client + intégration WMS/TMS + facturation,"tresorerie, dependance","Dégrad des Cannes, presse supply chain (Voxlog, Supply Chain Magazine), Kompass",Directeur d'exploitation,Vos clients vous appellent-ils pour savoir où en est leur marchandise ?,A,8–20 k€
immobilier,Immobilier / Gestion locative,"Relances loyers, états des lieux, communication propriétaires","Croissance du parc géré, nouvelle agence",Portail propriétaires/locataires + relances,"retention, dependance","FNAIM, annuaires agences, SeLoger",Gérant d'agence,Combien d'appels de propriétaires par semaine pour savoir si le loyer est rentré ?,B,5–12 k€
formation,Formation / Éducation,"Preuves Qualiopi, émargement papier, facturation OPCO/CPF","Audit Qualiopi, nouvelle certification, nouvelle formation (ex. BTS)",Émargement numérique + indicateurs Qualiopi + portail apprenant,"friction, fragmentation","Liste publique des organismes Qualiopi, OPCO, Carif-Oref, Pages Jaunes",Directeur·rice,Votre prochain audit Qualiopi : combien de temps pour réunir les preuves ?,A,5–12 k€
evenementiel,Événementiel / Communication,"Devis, prestataires et billetterie dispersés","Grand événement, nouvelle salle, saison culturelle",Devis + billetterie + gestion prestataires,"saisonnalite, cout-promotion","Programmations culturelles, salles, CTG culture",Gérant / programmateur,Combien de demandes de privatisation traitez-vous par mail chaque mois ?,B,3–10 k€
agro,Agriculture / Pêche / Agroalimentaire,"Commandes clients, traçabilité (bio, AOC), saisonnalité","Nouvelle unité de transformation, label, contrat GMS/collectivités",Commandes B2B + traçabilité + planification,"saisonnalite, mix-produits, vulnerabilite-fournisseur","Chambres d'agriculture, AMPI/MPI, salons, La 1ère économie",Exploitant / dirigeant,Pouvez-vous prouver en 5 minutes l'origine d'un lot vendu la semaine dernière ?,A,5–20 k€
numerique,Numérique / Tech / Studio,"Manque de capacité de développement, back-office à construire","Levée ou prix remporté, pic de charge",Renfort de développement / sous-traitance,"scenario-pivot, taille-marche","French Tech (Guyane, Martinique), incubateurs (GDI, Technopole), concours (EDF Pulse, Innov'Ultramarin)",Fondateur / CTO,Votre roadmap attend des développeurs ? On livre des modules clés en main.,B,5–20 k€
association,Association / ESS,"Reporting financeurs (FSE+), recrutement, adhérents et subventions","Nouveau financement, recrutement massif, nouveau dispositif",Portail de suivi + reporting automatisé,"fragmentation, friction","Offres d'emploi associatives (Indeed, StaffSocial), DLA, France Active",Direction / président·e,Combien de jours par an passez-vous à ressaisir le reporting des financeurs ?,B,3–12 k€
autre,Autre activité,À qualifier au diagnostic,Tout signal de croissance ou de surcharge admin,Diagnostic terrain puis offre adaptée,acse,Tous canaux,Dirigeant,"Où se coince votre activité : attirer, convertir, structurer ou exécuter ?",C,À qualifier
