id,priorite,nom,territoire,ville,secteur_code,profil_code,signal_achat,date_signal,besoin_probable,offre_tus,accroche,decideur_cite_source,canal_suggere,prochaine_action,points_a_verifier,source_url,statut
P01,A,Guymargua Restauration,Guyane,Cayenne,agro,croissance,"Investissement de 1,2 M€ dans une micro-laiterie bio (yaourts), en plus d'une production de 5 000 repas/jour depuis 2021",Semaine de l'industrie (date à confirmer),"Deux activités (restauration collective + yaourts) à piloter : commandes B2B, planification de production, traçabilité bio, facturation, marge par produit",Infrastructure métier sur mesure (commandes B2B + production + traçabilité + pilotage),"5 000 repas par jour et une nouvelle filière yaourt : vos commandes, votre production et votre traçabilité bio sont-elles dans un même système ?","Jean-Marc Lette (dirigeant, cité par La 1ère)",Visite physique + lettre signée,"Demander un RDV de 30 min pour un diagnostic terrain (profil croissance, secteur agro)","Outils actuels ; taille de l'équipe administrative ; clients (cantines, GMS ?)",https://la1ere.franceinfo.fr/guyane/ouest-guyanais/guyane/la-semaine-de-l-industrie-s-ouvre-en-guyane-avec-l-inauguration-d-un-micro-laiterie-1644025.html,À contacter
P02,A,"Golden Tulip Toukana Cayenne (hôtel 4 étoiles, 59 chambres)",Guyane,Cayenne,hotellerie,reprise,"Ouverture visée en décembre 2026 : 59 chambres, restaurant et piscine en rooftop, spa, fitness, ~40 emplois directs",Ouverture 12/2026,"Services non couverts par l'enseigne : réservation restaurant/rooftop/spa pour la clientèle locale, offre séminaires B2B, onboarding et planning de 40 salariés, visibilité locale","Modules sur mesure (réservations annexes, séminaires B2B, portail RH) + présence web locale","Vous ouvrez dans deux mois : qu'est-ce que l'enseigne ne couvre pas pour la clientèle guyanaise (rooftop, spa, séminaires) ?","Jérôme Gay et Florian Gay (porteurs privés, cités par France-Guyane) ; exploitation Golden Tulip",Recommandation (réseau avocats/EC) puis RDV,Préparer une note d'une page « 5 services locaux à activer avant l'ouverture »,"Outils imposés par la chaîne (PMS, site de marque) ; qui décide localement",https://www.franceguyane.fr/actualite/economie-consommation/loffre-hoteliere-haut-de-gamme-bientot-renforcee-par-le-golden-tulip-toukana-cayenne-1055905.php,À contacter
P03,A,"Kultur Karaib (association, tiers-lieu hybride)",Guadeloupe,Basse-Terre,association,reprise,"Lauréat « coup de cœur » du Challenge Innov'Ultramarin (VivaTech, 17/06/2026) : hub IA de valorisation du patrimoine et de la culture",17/06/2026,"Plateforme à construire : contenus patrimoniaux, IA, parcours et expériences réservables, back-office",MVP / plateforme sur mesure + réservation d'expériences,Votre projet a été primé à VivaTech : qui construit la plateforme ? Nous livrons des portails sur mesure en Antilles-Guyane.,"Hélène Dinmahomed (fondatrice, citée dans les résultats de recherche)",LinkedIn puis visio,Message de félicitations + proposition d'atelier de cadrage MVP (1 h),"Budget et financements (subventions culture, prix) ; équipe technique existante ?",https://rci.fm/deuxiles/infos/Societe/VivaTech-les-projets-Mibelboat-et-Kultur-Karaib-laureats-du-1er-Challenge-Innov-Outre,À contacter
P04,B,Hôtel Le Bambou,Martinique,Les Trois-Îlets (à confirmer),hotellerie,pme,"Rénovation majeure (plus d'un an de travaux) terminée, réouverture ; établissement plébiscité par les agents de voyages",2025-2026,"Réservation directe contre commissions des OTA, portail agences de voyages, CRM clients ; facture électronique (Martinique dans le champ)",Portail B2B agences + réservation directe + mise en conformité facturation,"Après la rénovation, combien de vos réservations passent encore par des plateformes à commission ?","Famille Riveli (propriétaires, cités par La Quotidienne)",Email puis appel,"Vérifier la commune, l'effectif et les outils (PMS) ; envoyer le lien vers le test de conformité facture",Effectif (éligibilité Pass Numérique si 30 salariés max) ; PMS en place,https://www.laquotidienne.fr/coup-de-projecteur-sur-le-bambou-en-martinique-plebiscite-par-les-agents-de-voyages-et-leurs-clients/,À qualifier
P05,B,GUYALOG,Guyane,Cayenne,transport,pme,"Entrepôt multi-clients de 2 200 m² à Cayenne (30 000 colis/mois, 1 500 références) ; WMS IzyPro d'ACSEP choisi par appel d'offres et en production (article 2026)",2026,"Portail client multi-clients connecté au WMS (stocks, commandes, expéditions), facturation des prestations logistiques, tableaux de bord",Portail client + intégration WMS + pilotage,Le WMS pilote l'entrepôt ; chacun de vos clients voit-il ses stocks et ses expéditions sans vous appeler ?,À identifier (direction ou responsable logistique),LinkedIn + email,Identifier le décideur ; présenter le cas NetExpress (portail client),API disponibles chez ACSEP ; portail client déjà prévu ?,https://supplychainmagazine.fr/nl/2026/guyalog-fiabilise-sa-logistique-avec-izypro-dacsep/,À qualifier
P06,B,Casino-Théâtre de Cayenne (Groupe Cogit),Guyane,Cayenne,evenementiel,croissance,Ouverture en septembre 2026 ; salle de spectacle de 800 places debout / 440 assises ; 150 à 290 emplois directs annoncés,09/2026,"Programmation et billetterie de spectacles locaux, privatisations et séminaires B2B, CRM clientèle locale",Module privatisations/séminaires B2B + billetterie locale,440 places assises à remplir chaque semaine : comment gérez-vous les demandes de privatisation des entreprises guyanaises ?,Groupe Cogit (investisseur-exploitant),Email direction de l'établissement,Qualifier ce que le groupe fournit déjà ; viser le volet théâtre/événementiel,Outils groupe imposés ; autonomie de la direction locale,https://la1ere.franceinfo.fr/guyane/les-planetes-sont-alignees-le-groupe-cogit-confirme-l-ouverture-du-premier-casino-de-guyane-pour-septembre-2026-1723999.html,À qualifier
P07,B,AZ Traiteur (chef Antoine Zulemaro),Guyane,Rémire-Montjoly,restauration,solo,"Lancement d'un concept traiteur + épicerie fine + chef à domicile (événements en villa, sur yacht, en entreprise)",2026 (à confirmer),"Demandes de devis événementiel structurées, boutique épicerie fine (click & collect), vitrine premium",Présence web stratégique (1 000–2 000 €) puis système de vente en ligne,Vos devis traiteur arrivent par Instagram et WhatsApp ? Un formulaire qui chiffre l'événement vous ferait gagner des soirées.,"Antoine Zulemaro (chef-dirigeant, public)",Instagram (message privé) puis visite,Proposer un diagnostic gratuit ACSE + maquette de page devis,Site existant ? volume d'événements/mois,https://www.petitfute.com/v36621-remire-montjoly-97300/c1165-restaurants/c1248-specialites/1742863-az-traiteur.html,À contacter
P08,B,ADPEP Guyane,Guyane,Cayenne,association,pme,22 offres d'emploi publiées au 13/09/2026 (association créée en 1971),13/09/2026,"Recrutement et intégration à grande échelle, coordination multi-établissements, reporting",Portail recrutement/onboarding + outils internes,"22 postes ouverts en même temps : combien d'heures pour trier, relancer et intégrer ?",À identifier (direction générale / DRH),Email + appel,Identifier la DRH ; proposer un audit du parcours de recrutement,Logiciels sectoriels déjà en place ; circuit de décision associatif (CA),https://www.staffsocial.fr/offres-emploi-chez-adpep-guyane,À qualifier
P09,B,Alpha Développement,Guadeloupe,À confirmer,formation,reprise,"Lauréat EDF Pulse Antilles-Guyane (05/02/2026) : formation immersive en réalité virtuelle pour la prévention des risques professionnels, avec suivi personnalisé",05/02/2026,"Plateforme web de suivi des apprenants et des entreprises clientes (tableaux de bord, attestations, facturation)",Portail client/apprenant sur mesure,La VR forme ; qui montre au client entreprise les résultats de ses salariés ? Un portail de suivi prolonge votre dispositif.,À identifier,LinkedIn,Trouver le site et le dirigeant ; message de félicitations + proposition de portail,"Site web, taille, stack existante",https://www.edf.fr/pulse/antilles-guyane/les-laureats,À qualifier
P10,B,Canopée Formation,Guyane,À confirmer,formation,tpe,Organisme de formation certifié Qualiopi (audits de surveillance récurrents),Permanent,"Preuves Qualiopi (émargement, satisfaction, suivi), portail apprenant, facturation OPCO/CPF",Module formation : émargement numérique + indicateurs Qualiopi + facturation,Votre prochain audit Qualiopi : combien de temps pour rassembler les preuves des 32 indicateurs ?,À identifier,Email + appel,Qualifier la date du prochain audit et les outils utilisés,LMS/ERP formation déjà en place ?,https://canopee-formation.com/,À qualifier
P11,B,OFA Guyane,Guyane,À confirmer,formation,tpe,"Organisme de formation (animation, sport, insertion, gestion associative) certifié Qualiopi depuis décembre 2021",Permanent,"Idem : preuves Qualiopi, suivi des stagiaires, facturation financeurs",Module formation : émargement + indicateurs Qualiopi,"Même accroche que P10 ; ajouter la gestion associative (adhérents, subventions)",À identifier,Email + appel,Qualifier,Outils actuels,https://www.ofa-guyane.fr/,À qualifier
P12,B,CFOP Guyane,Guyane,À confirmer,formation,tpe,Centre de formation cité parmi les organismes guyanais,Permanent,Idem formation,Module formation,Même accroche que P10,À identifier,Email + appel,"Qualifier (certification, volume de stagiaires)",Certification Qualiopi à confirmer,https://cfopguyane.fr/le-centre/,À qualifier
P13,C,Compagnie des guides de Guyane,Guyane,À confirmer,tourisme,tpe,"Prestataire d'activités nature (randonnée, kayak, pirogue, carbet)",Permanent,"Réservation et paiement en ligne, planning des guides, gestion des groupes",Système de vente en ligne (réservation d'activités),"Combien de réservations perdez-vous le soir et le week-end, quand personne ne répond ?",À identifier,Email + téléphone,Tester le parcours de réservation actuel (mystery shopping) avant contact,Outil de réservation existant,https://www.guides-guyane.com/,À qualifier
P14,C,T'Air Nature Guyane,Guyane,À confirmer,tourisme,tpe,"Réceptif : séjours clés en main ou à la carte, individuels et groupes",Permanent,"Devis de séjours sur mesure, portail agences partenaires, suivi des dossiers voyageurs",Module devis séjour + portail B2B,Un devis de séjour sur mesure vous prend combien de temps aujourd'hui ?,À identifier,Email,Qualifier le volume de devis/mois,Outils existants,https://www.t-airnatureguyane.com/,À qualifier
P15,C,APEIG (PLIE Guyane),Guyane,À confirmer,association,pme,"Structure d'insertion portant le PLIE (suivi de parcours, reporting aux financeurs)",Permanent,"Suivi des participants, reporting FSE+, tableaux de bord pour les financeurs",Portail de suivi + reporting automatisé,Le reporting FSE+ : combien de jours par an de ressaisie ?,À identifier,Email,Qualifier les outils imposés par les financeurs,Outils nationaux imposés ?,https://www.ville-emploi.asso.fr/structures/plie-guyane-de-lassociation-pour-lemploi-et-linsertion-en-guyane-apeig,À qualifier
P16,C,Balguerie Outre-Mer Guyane,Guyane,Rémire-Montjoly,transport,pme,"Centre logistique portuaire à Dégrad des Cannes ; réseau Guyane, Guadeloupe, Saint-Martin, Martinique",Permanent,"Portail client (suivi d'expéditions, documents, devis fret)",Portail client sur mesure,Vos clients vous appellent-ils encore pour savoir où en est leur conteneur ?,À identifier,LinkedIn,Qualifier les outils groupe,Outils du groupe imposés,https://www.pagesjaunes.fr/pros/07660398,À qualifier
P17,C,MiBelBoat,Martinique,À confirmer,tourisme,reprise,Plateforme nautique caribéenne primée à VivaTech 2026 (Challenge Innov'Ultramarin),17/06/2026,"Renfort de développement, back-office prestataires, intégrations",Renfort de développement / modules sur mesure,Proposer un renfort ponctuel plutôt qu'un projet complet (l'équipe compte un associé technique),"Alexis Mompert (fondateur, cité par Outremers360)",LinkedIn,Message de félicitations ; proposer un échange sur la montée en charge,Besoin réel de renfort,https://outremers360.com/bassin-atlantique-appli/innovation-en-outre-mer-le-martiniquais-alexis-mompert-lance-mibelboat-la-premiere-plateforme-nautique-caribeenne-tout-en-un,À qualifier
P18,C,Pullman Royal Key Wellness Resort,Guadeloupe,Le Moule,hotellerie,croissance,"Ouverture fin 2026 : 102 chambres, grand spa, plusieurs restaurants ; projet Région Guadeloupe + SEM Patrimoniale, exploitation Accor",Fin 2026,"Services locaux non couverts par Accor (excursions, partenaires locaux) ; probablement limités",Veille ; éventuellement appels d'offres de la SEM,Surveiller les consultations de la SEM Patrimoniale,SEM Patrimoniale / Région Guadeloupe,Veille marchés publics,Ajouter la SEM à la veille,Outils Accor imposés,https://cap-infos.fr/accor-revient-en-guadeloupe-le-pullman-royal-key-au-moule-premier-etablissement-pullman-de-la-caraibe-ouvre-fin-2026/,Veille
