categorie,nom,zone,type_relation,site_web,linkedin_handle,raison_cible,premier_contact_suggere,verification
Institution CCI,CCI Guyane,Guyane,Prescripteur institutionnel,https://www.guyane.cci.fr/,cci-guyane,"Accès direct aux dirigeants PME, organisation d'ateliers digitalisation, annuaire entreprises","Proposer un atelier gratuit 'Digitaliser sa PME ultramarine en 90 jours' — 15 dirigeants/session",Vérifié (site officiel public)
Institution CCI,CCI Île de la Martinique,Martinique,Prescripteur institutionnel,https://www.martinique.cci.fr/,cci-martinique,"Même logique : relais dirigeants + organisation événements",Atelier + présence au salon Pro'Actif,Vérifié
Institution CCI,CCI des Îles de Guadeloupe,Guadeloupe,Prescripteur institutionnel,https://www.guadeloupe.cci.fr/,cci-de-region-iles-de-guadeloupe,"Relais dirigeants + événements + annuaire",Atelier + événements CCI,Vérifié
Écosystème Tech,French Tech Antilles-Guyane,Antilles-Guyane,Réseau innovation,https://frenchtech-antillesguyane.com/,french-tech-antilles-guyane,"Startups et PME tech locales, très actif sur LinkedIn",Demander à intervenir sur 'Structurer une PME quand on a 0 CTO',Vérifié
Écosystème Tech,Guyane Développement Innovation (GDI),Guyane,Incubateur,https://www.gdi.gf/,guyane-developpement-innovation,"Incubateur régional — startups early stage cherchant infrastructure",Partenariat technique : prestation à prix préférentiel pour incubés,Vérifié
Écosystème Tech,La Kourse,Guadeloupe,Incubateur,https://lakourse.fr/,la-kourse,Incubateur + accélérateur Guadeloupe,Partenariat incubés,À confirmer
Financement,BPI France Outre-mer,Antilles-Guyane,Prescripteur financier,https://www.bpifrance.fr/nos-implantations/outre-mer,bpifrance,"Finance les PME en croissance — prescripteur solide quand digitalisation figure au plan",Contact chargé d'affaires territorial → positionner TUS comme partenaire agréé sur volets digitalisation,Vérifié
Financement,Région Guyane - Service Économie,Guyane,Financement public,https://www.ctguyane.fr/,collectivite-territoriale-de-guyane,Chèque numérique / aides digitalisation PME,Se faire référencer prestataire agréé aides régionales,Vérifié (CTG existe)
Financement,CTM - Service Économie,Martinique,Financement public,https://www.collectivitedemartinique.mq/,collectivite-territoriale-de-martinique,Aides digitalisation PME,Référencement prestataire,Vérifié
Syndicat patronal,MEDEF Guyane,Guyane,Prescripteur patronal,https://www.medef-guyane.com/,medef-guyane,"Accès ETI + PME structurées, réseau soirées dirigeants",Intervention conférence + adhésion,À confirmer présence LinkedIn
Syndicat patronal,MEDEF Martinique,Martinique,Prescripteur patronal,,medef-martinique,Même logique,Conférence + adhésion,À confirmer
Syndicat patronal,CPME Guyane,Guyane,Prescripteur patronal,https://www.cpme-guyane.fr/,cpme-guyane,"Focus TPE/PME — exactement ton cœur de cible",Intervention + adhésion (cotisation modeste),Vérifié
Syndicat patronal,CPME Martinique,Martinique,Prescripteur patronal,,cpme-martinique,Même logique,Intervention + adhésion,À confirmer
Syndicat patronal,CPME Guadeloupe,Guadeloupe,Prescripteur patronal,,cpme-guadeloupe,Même logique,Intervention + adhésion,À confirmer
Ordre professionnel,Ordre des Experts-Comptables Guyane,Guyane,Prescripteur critique,https://www.experts-comptables.fr/,,"Les EC voient tous leurs clients PME se plaindre des outils — levier #1 prescription",Mailing ciblé → propose 10% commission sur projets > 5k€ apportés,Vérifié (conseil régional existe)
Ordre professionnel,Ordre des Experts-Comptables Antilles-Guyane,Antilles,Prescripteur critique,https://www.experts-comptables-antilles-guyane.fr/,,Prescripteur multi-territoire,Idem,À vérifier URL exacte
Ordre professionnel,Ordre des Avocats Guyane,Guyane,Prescripteur secondaire,,,Avocats d'affaires voient les dossiers de cession/restructuration,Webinaire commun 'Sécuriser ses données avant audit',Méthode : trouver sur Annuaire Ordre National
Presse B2B,Guyaweb,Guyane,Média local,https://www.guyaweb.com/,,"Média business influent en Guyane — tribunes d'expertise possibles","Pitch tribune : 'Le vrai coût SaaS pour une PME ultramarine'",Vérifié
Presse B2B,France-Antilles,Antilles,Média local,https://www.martinique.franceantilles.fr/,france-antilles,Presse quotidienne locale,Tribune ou interview sur digitalisation PME,Vérifié
Presse B2B,Outremers360,Antilles-Guyane,Média business,https://outremers360.com/,outremers360,Média business outre-mer,Tribune,Vérifié
Réseau dirigeants,BNI Guyane,Guyane,Club business,https://bnifrance.fr/,bni-france,"Déjeuners d'affaires — 1 seul prestataire par catégorie (exclusivité) — ROI élevé si chapter actif",Visiter une réunion en tant qu'invité,"Vérifier chapters actifs sur bnifrance.fr"
Réseau dirigeants,BNI Martinique,Martinique,Club business,https://bnifrance.fr/,bni-france,Idem,Visite invité,Vérifier chapters
Réseau dirigeants,Rotary Club Cayenne,Guyane,Club service,,,"Dirigeants installés, sensibles à l'ancrage local",Conférence sur un thème sociétal (pas commercial),Présence à vérifier
Réseau dirigeants,Jeune Chambre Économique (JCE) Guyane,Guyane,Réseau jeunes dirigeants,,,"Jeunes dirigeants = early adopters outils, budget plus flexible",Membre actif + intervention,À vérifier via JCE France
Secteur cible,Fédération BTP Guyane,Guyane,Fédération sectorielle,,,"BTP = ERP/devis/suivi chantier souvent en Excel",Démo cas client (même fictif anonymisé) sur gestion devis multi-chantiers,Vérifier sur Fédération Française du Bâtiment
Secteur cible,Syndicat Hôtellerie Restauration Antilles,Antilles,Fédération sectorielle,,,"HR = besoin urgent CRM réservation + pilotage",Démo verticalisée,Vérifier UMIH locale
Secteur cible,Chambre des Métiers Guyane,Guyane,Artisans,https://www.cma-guyane.fr/,,"Artisans TPE — gros volume, petit ticket : produit d'appel",Pack 'Site vitrine + devis' à prix d'appel,Vérifié
Secteur cible,Chambre d'Agriculture Guyane,Guyane,Agricole,https://www.guyane.chambre-agriculture.fr/,,"Agri en pleine structuration (PAC, traçabilité)",Outil de suivi production/traçabilité,Vérifié
Événement,Salon Pro'Actif Martinique,Martinique,Salon pro,,,Salon B2B majeur Martinique,Stand + conférence,Vérifier édition en cours
Événement,Salon de l'Entreprise Guyane,Guyane,Salon pro,,,Rendez-vous annuel entreprises Guyane,Stand + conférence,Vérifier édition
Consultant,"Consultants RH / organisation locaux (méthode)",Antilles-Guyane,Prescripteur à sourcer,,,"Pas de liste exhaustive fiable : méthode → LinkedIn Sales Nav 'Consultant organisation' + zone Guyane/Martinique/Guadeloupe","InMail personnalisé proposant partage de leads mutuel",À construire via LinkedIn
Cabinet EC local,"Cabinets d'experts-comptables locaux (méthode)",Antilles-Guyane,Prescripteur critique à sourcer,,,"Pas de liste exhaustive fiable : méthode → Annuaire Conseil Sup. OEC (experts-comptables.fr) filtre région + taille cabinet 5-20 collaborateurs","Lettre postale ou RDV physique > email","À construire via experts-comptables.fr"
Associations femmes dirigeantes,FCE Guyane (Femmes Chefs d'Entreprises),Guyane,Réseau,,,Réseau actif de dirigeantes,Conférence,À vérifier via FCE France
Associations femmes dirigeantes,Réseau Entreprendre Antilles-Guyane,Antilles-Guyane,Réseau mentorat,https://www.reseau-entreprendre.org/,reseau-entreprendre,"Mentorat lauréats — accès à dirigeants récemment installés, en recherche d'outils",Mentorat ou intervention sur 'piloter avec les bons outils',Vérifié
Fédération industrielle,MPI Guyane (Association des moyennes et petites industries),Guyane,Prescripteur sectoriel,,,Organise la Semaine de l'industrie en Guyane ; accès direct aux industriels et agro-industriels (ex. Guymargua Restauration),Proposer un atelier « Structurer sa PME industrielle » pendant la prochaine Semaine de l'industrie,Cité par La 1ère (inauguration micro-laiterie) ; site à trouver
Fédération industrielle,AMPI Martinique,Martinique,Prescripteur sectoriel,,,"124 adhérents, principalement des PME industrielles ; l'agroalimentaire est le 1er sous-secteur industriel martiniquais",Atelier adhérents : traçabilité et facture électronique 2027,Chiffres cités par Awitec (2026) ; site à trouver
Réseau employeurs,UEBS — Union des employeurs de la base spatiale,Guyane (Kourou),Prescripteur sectoriel,https://www.uebs-csg.com/,,43 entreprises de la base spatiale ; sous-traitance sous pression de coûts avec la montée en cadence d'Ariane 64,"Demander une présentation aux membres : preuves qualité, portails d'intervention, reporting client",Vérifié (site officiel public)
Financement,Initiative Centre Est Guyane,Guyane,Prescripteur financier,,,Prêts d'honneur création-reprise (5 à 25 k€) ; les lauréats ont un socle d'outils à construire,Proposer un tarif « lauréats » : diagnostic terrain offert + socle minimal,Contact public relevé sur les-aides.fr ; site à trouver
Ordre professionnel,ARAPL Antilles-Guyane,Antilles-Guyane,Prescripteur professions libérales,https://www.arapl-antillesguyane.fr/,,Association agréée des professions libérales ; relaie le plan « Objectif Reprises » et l'actualité des marchés publics,Proposer un article ou un webinaire « Portail client et facture électronique pour libéraux »,Vérifié (site public)
Agence de développement,Martinique Développement,Martinique,Prescripteur institutionnel,https://www.martiniquedev.fr/,,"Agence qui accompagne les entreprises martiniquaises (événements, appels à projets)",Se faire référencer comme prestataire numérique ; proposer une intervention,Vérifié (site public)
Écosystème Tech,Technopole Martinique,Martinique,Réseau innovation,https://www.technopolemartinique.org/,,Porte le programme BigUp For Startup Antilles-Guyane,Partenariat : studio de réalisation pour les startups accompagnées,Vérifié (site public)
Écosystème Tech,French Tech Guyane,Guyane,Réseau innovation,https://guyanetech.fr/,,Communauté de l'innovation guyanaise,Intervenir sur « Construire son MVP sans CTO »,Vérifié (site public)
Institution tourisme,Comité du Tourisme de la Guyane,Guyane,Prescripteur sectoriel,https://www.guyane-amazonie.fr/espace-professionnel/comite-tourisme-guyane/,comite-du-tourisme-de-la-guyane,Oriente les visiteurs vers les prestataires locaux ; structure la filière,Proposer un atelier « Réservation en ligne pour prestataires » aux professionnels du tourisme,Vérifié (site public)
Partenaire technique,Leila (leila.one),Guyane,Apport d'affaires croisé,https://www.leila.one/,,"Application QSE hors-ligne pour zones sans réseau (finaliste EDF Pulse) ; même cible industrielle que TUS, offre complémentaire","Échange de recommandations : Leila pour la QSE, TUS pour le sur-mesure métier",Vérifié (site public)
